idm,a4_ac,a4_no,c3_ac,c3_no,f11_ac,f11_no
39,1;2;3;4;5,.,1;2;3;6;10;11;12;13,.,15,.
404,1;2;3;4;5,.,1;2;3;4;6;5;8;9;10;11;12;13,.,1;3;12;13,.
256,3;2;1;4;5,.,1;2;3;4;5;6;7;8;9;10;11;12;13;14;17,.,8;10;13;12,.
1741,.,1;2;3;4;5,.,3;4;5;6;10;11;12,.,1
1162,.,1;2;3;4;5,.,1;2;3;5;6;7;8;10;11;12;13;14;16;17,.,1;2;8;12;13
170,5;4;3;2;1,.,1;2;3;4;5;9;10;11;12;13;14;17,.,3,.
1229,.,1;2;3;4;5,.,1;2;3;4;5;6;9;10;11;12;14;17,.,13;12;8
1329,.,1;2;3;4;5,.,1;2;3;4;5;6;11;12;14;17,.,15
790,1;2;3;4;5,.,1;2;3;4;6;8;10;11;12;13;14;17,.,15,.
1440,.,1;2;3;4;5,.,1;2;3;6;7;10;13;14,.,1;2;3;8;12;13
1739,.,1;2;3;4;5,.,10;11;1;4;6;7;12;13;15;16;17,.,1;7;9;10;13
1332,.,1;2;4;5;3,.,1;2;3;4;5;6;7;8;9;10;11;12;13;14;16,.,1;3;4;9;10;11;12
1226,.,1;2;3;4;5,.,1;2;3;5;6;7;8;9;10;11;12;13;17,.,13;12;10;3;2;8
1122,.,1;2;3;4;5,.,1;2;3;4;5;6;7;8;10;12;13;17,.,1;2;3;6;7
1441,.,1;2;3;4;5,.,1;2;3;5;6;7;8;9;10;11;12;13;16;17;18,.,1;2;3
668,1;2;3;4;5,.,1;2;3;4;5;6;10;11;12;13;14;15,.,1;2;12;13,.
1333,1;2;3;4;5,.,1;2;3;5;6;8;9;10;11;12;13;16;17,.,1;2;8;9;12;13,.
1730,.,2;3;4;5,.,1;2;3;5;6;10;11;12;14;15,.,1;12;13
1227,.,1;2;3;4;5,.,2;3;4;6;7;8;9;10;12,.,15
1552,.,1;2;3;4;5,.,1;2;3;4;5;7;9;10;11;17;18,.,12;13
672,1;2;3;4;5,.,1;2;3;4;6;10;12;13,.,14,.
1219,.,1;2;3;4;5,.,1;2;3;4;5;6;8;10;11;12;13;17,.,1;12;13
1449,.,1;2;3;4;5,.,1;2;3;4;5;6;7;8;9;10;11;16;17,.,2;3
1047,.,1;3;2;5;4,.,1;2;3;5;8;10;11;13,.,15
1216,.,1;2;3;4;5,.,1;2;3;4;5;6;10;12;13;17,.,15
1716,.,1;2;3;4;5,.,1;2;4;5;6;9;10;11;12;13;16;17,.,3;8;9;10;11;12;13
55,5;3;4;2;1,.,1;2;3;4;10;12;13;14;15,.,1;2;3;12;13,.
322,1;2;3;4;5,.,1;2;3;4;5;6;7;8;9;10;11;12;13;14;17,.,1;2;3;6;12;13,.
1354,.,1;2;3;4;5,.,3;5;6;10;11;12;13;14,.,1;6;13
682,1;2;3;4;5,.,1;2;3;6;10;11;12;13;14,.,1;3;8;12;13,.
1711,.,1;2;3;4;5,.,1;2;3;5;6;13;12;11;10;9;8;7;16;17,.,3;4;8;9
1452,.,1;2;3;4,.,1;2;3;4;5;6;10;11;12;13,.,1;2;6;12
1163,.,1;2;3;4;5,.,1;2;3;4;5;6;8;10;11;12;13;14;15;17,.,1;2;3;8;9;10;12;13
1238,.,1;2;3;4;5,.,1;2;3;5;4;6;7;8;9;10;11;12;13;14;17,.,1;3;6;12;13
544,1;2;3;4;5,.,1;2;3;5;6;7;8;9;10;11;12;13;14;17,.,2;1;6;7,.
1457,.,1;2;3;4;5,.,1;2;3;4;5;6;7;8;9;10;11;12;13;14;16;17,.,1;2;3
1033,.,1;2;3;4;5,.,1;3;2;4;5;6;7;8;9;10,.,12;13
3,1;2;3;4;5,.,1;2;3;4;5;6;9;10;11;12;13;14;15;16;17,.,1;3;4;9;12;13,.
1239,.,1;2;3;4;5,.,1;2;3;6;7;8;10;11;12;17,.,1;2;13
49,1;2;3;4;5,.,1;2;3;4;5;6;7;10;12,.,15,.
133,5;4;2;3;1,.,3;2;1;6;5;4;8;10;9;13;12;11;16;14,.,1;2;3;9;13;12,.
1093,.,1;2;3;4;5,.,1;2;3;4;6;9;11;16,.,8;13
342,1;2;3;4;5,.,1;3;4;5;6;8;10;11;12;13;14;16;17;18,.,1;2;9;13,.
22,1;2;3;4;5,.,1;2;3;4;5;6;11;13,.,3;12;13,.
1131,.,2;3;4;5,.,1;2;3;4;5;6;7;8;9;10;11;12;13;14;17,.,2;3
1343,.,1;2;3;5;4,.,4;5;6;7;11;10;12;14;16,.,1;2;6;9;12;13
1142,.,1;2;3;4;5,.,11;10;9;8;7;5;6;4;3;2;14;15;16,.,1;2;3;12
35,1;2;3;4;5,.,1;2;3;4;5;11;12;13;16,.,3;9;12,.
1244,.,1;2;3;4;5,.,2;3;4;6;7;8;10;11;12;13;14;17,.,6
700,1;2;3;4;5,.,1;2;3;6;7;9;10;11;12;13;17,.,1;2;3,.
45,1;2;3;4;5,.,2;3;4;5;6;10;11;12;14,.,3;6;8;9;12,.
346,2;3;4;5,.,1;2;3;5;6;7;8;9;10;11;12;13;14;16;17,.,13,.
1701,.,1;2;3;4;5,.,2;3;6;10;11;12;13;17,.,15
1005,.,1;2;3;4;5,.,1;2;3;4;5;6;7;8;10;11;12;13;14;15,.,8;7;6;5;4;3;2;1;12;13
30,1;2;3;4;5,.,1;2;3;4;5;6;7;8;10;11;12;13;14;15;16,.,12;13,.
62,1;2;3;4;5,.,1;2;3;5;6;7;10;12;13;14;16,.,1;12,.
1016,.,5;1;2;3;4,.,1;2;3;6;9;12;11,.,12
479,1;2;3;4;5,.,1;2;3;5;4;6;7;10;11;12;13;17,.,3;12;13,.
1300,.,1;2;3;4;5,.,1;2;3;4;5;6;10;11;12;13;14,.,1
329,1;2;3;4;5,.,1;2;3;4;5;6;10;12;14,.,13,.
1509,.,1;2;3;4;5,.,1;2;3;4;5;6;10;11;12;13,.,1;10;12;13
412,1;2;3;4;5,.,1;2;4;3;5;6;7;10;11;12;13;14;17;18,.,3,.
1581,.,2;1;3;4;5,.,1;2;3;5;6;7;8;10;11;12;13,.,12;13;14
804,1;2;3;5;4,.,1;2;3;4;5;6;7;8;9;10;11;12;13;14;15;16;17,.,1;3;8;12,.
1368,.,1;2;3;4;5,.,1;2;3;5;6;7;10;11;12;13;14;17,.,1;3;12;13
1507,.,1;2;3;4;5,.,1;2;3;4;5;6;7;8;9;10;11;12;13;14;16;17,.,5
759,1;2;3;4;5,.,2;3;6;10;11;12;13,.,1;3;6;13,.
138,5;4;3;2;1,.,3;2;1;6;5;4;10;12;11;13;16;17,.,1;2;3;8;9;12;13,.
1687,.,5;4,.,2;3;4;6;10;11;12,.,15
1197,.,1;2;3;4;5,.,1;2;3;4;5;6;7;8;9;10;11;12;13;17,.,1
1467,.,1;2;3;4;5,.,1;2;3;4;5;6;7;8;9;10;11;12;13;14;16;17,.,1;2;3
1307,.,1;2;3;4;5,.,1;2;3;4;5;6;10;11;12;13,.,15
814,1;2;3;4;5,.,1;2;3;6;10;12,.,10;13,.
686,1;2;3;4;5,.,1;2;3;5;6;8;9;10;11;12;13;17,.,1;2;3;14,.
135,1;2;3;4;5,.,3;2;1;6;5;8;10;9;11;12;13;17,.,3;12,.
623,1;2;3;5,.,2;3;6;10;11;12,.,12,.
369,1;2;3;4;5,.,2;3;6;8;10;11;12;14;15,.,3;12,.
1469,.,1;2;3;4;5,.,1;2;3;4;6;7;8;9;10;11;12;13;17,.,1
1514,.,1;2;3;4;5,.,1;2;3;5;6;7;8;10;11;12;13;15;17,.,5
767,1;2;3;4;5,.,1;2;3;5;10;12;13,.,2;3,.
251,5;4;3;2;1,.,1;2;3;4;5;6;8;7;9;10;11;12;13;14;16,.,8;9;13,.
1673,.,1;2;3;4;5,.,1;2;3;4;6;7;8;9;10;11;12;13;14;17,.,15
1605,.,1;2;3;4;5,.,2;3;4;6;10;11;12;13;14,.,2;3;6;7;12;13
1388,.,5,.,1;2;3;4;5;6;10;12;13;17,.,2
1474,.,1;2;3;4;5,.,2;3;4;5;6;10;11;12;13;16,.,1;2;3;6;8;9
769,1;2;3;4;5,.,1;2;3;5;6;10;11;12;14,.,3;6;8;12,.
372,2;3;4;5,.,1;2;3;4;5;6;10;11;12;13;14,.,3,.
618,1;2;3;4;5,.,1;2;3;5;6;10;11;12;13;14;16;17,.,3;6;12;13,.
1520,.,2;1;3;4;5,.,1;3;5;6;7;10;11;12,.,1
1717,.,1;2;3;4;5,.,3;6;10;12;17,.,15
716,1;2;3;4;5,.,2;3;4;6;10;11;12;13;14,.,2;3;8;12;13,.
1195,.,1;2;3;4;5,.,1;2;3;4;5;6;7;8;9;10;11;12;13;14;16;17,.,1
20,1;2;3;4;5,.,1;2;3;5;6;10;11;12;14,.,1;3;8,.
444,1;2;3;4;5,.,1;2;3;5;6;9;10;11;12;13;14,.,2;1;3,.
1484,.,1;2;3;4;5,.,1;3;6;10;12;14,.,1;7
1664,.,1;2;3;4;5,.,1;2;3;4;5;6;7;9;10;11;12;13;14;17,.,1;13
674,1;2;3;4;5,.,1;10;11;12;13;16;17,.,1;2;8;9;10;11;12;13,.
21,1;2;3;4;5,.,1;2;3;5;6;10;12;14;15,.,2;3;4;6,.
1068,.,1;2;3;4;5,.,1;2;3;4;6;10;13;14;15,.,1;3;9;10
1139,.,1;2;3;4;5,.,1;2;3;4;5;6;7;9;10;11;12;13;16;17,.,1;13
648,1;2;3;4;5,.,1;2;3;5;6;10;12;17,.,3;13,.
1083,.,1;2;3;4;5,.,1;3;5;6;10;11;12,.,15
1643,.,1;2;3;4;5,.,1;2;3;6;8;9;10;11;12;13;17,.,1;2;3;7;10;12;13
1085,.,5;4;3;2,.,1;2;3;4;6;10,.,1
1183,.,1;2;3;4;5,.,1;2;3;4;5;6;7;8;9;10;11;12;13;14;17,.,12;13
1486,.,2;3;4;5,.,1;2;3;8;10;11;12;13;17,.,2;3
1092,.,1;2;3;4;5,.,1;2;3;5;6;7;8;10;11;12;13;17,.,1
723,1;2;3;4;5,.,1;2;3;4;5;6;10;11;12;17,.,1;2;3;13,.
824,1;2;3;4;5,.,1;3;2;4;5;6;7;8;9;10;11;12;13;16;17,.,15,.
1394,.,1;2;3;5;4,.,1;2;3;4;5;6;8;10;11;12;13;14;16;17;18,.,1;6
1102,.,1;2;3;4;5,.,1;2;3;4;5;6;7;9;8;10;11;12;14;13;18;16,.,6;7;8;9;10;13
1496,.,1;2;3;4;5,.,1;2;3;4;5;6;7;8;9;10;11;12;13;15,.,1
827,1;2;3;4;5,.,1;2;3;4;6;7;10;11;12;13;15;17,.,2;10;12,.
1706,.,5;4;3;1;2,.,1;3;5;6;7;10;11;12;13;17,.,15
48,5;4;3;2;1,.,1,.,15,.
729,1;2;3;4;5,.,1;2;3;5;6;10;11;12;13;16;17,.,8,.
1107,.,1;2;3;4;5,.,1;2;3;6;5;4;10;11,.,15
1206,.,1;2;3;4;5,.,1;2;3;5;6;7;8;9;10;11;12;13;16;17,.,1;2;3;10
101,2;1;3;4;5,.,1;2;3;4;5;6;7;8;9;10;11;12;13;14;15;16;18,.,2;3;8,.
1252,.,1;2;3;5;4,.,1;2;3;4;5;6;7;8;9;10;11;12;13;15;16;17,.,1;13;9
477,1;2;3;4;5,.,1;2;3;4;5;7;6;8;9;10;11;12;13;16,.,2;7,.
1108,.,2;3;4;5,.,1;2;3;4;5;6;8;10;11;12;13;14;17,.,3
382,1;2;3;4;5,.,1;2;3;5;6;7;8;10;12;11;13;14;16;17,.,1;4;8;9;10;13,.
733,1;2;3;4;5,.,1;2;3;5;6;8;10;11;12;13;14;17,.,1;6;8;12,.
1438,.,1;2;3;4;5,.,1;2;3;4;5;6;7;8;9;10;11;12;13;14;15;17,.,1;2;3;5;7;8;12
564,1;2;3;4;5,.,1;2;3;4;5;6;7;8;10;11;12;13;14;17,.,15,.
1094,.,1;2;3;4;5,.,1;2;3;6;10;12;17,.,1;10;12;13
1110,.,1;2;3;4;5,.,1;2;3;4;6;10;12,.,1
1308,.,1;3;4;5,.,1;2;3;4;5;6;8;10;11;12;13;16,.,1;2;3;4;12;13
1331,.,1;2;3;5;4,.,1;6;8;12,.,2;3;12
1667,.,3;2;1;4;5,.,10;17,.,1;7;10;12;13
1211,.,1;2;3;4;5,.,2;3;5;6;7;8;10;11;12;13;14;16;17,.,1;2;3;4;12;13
1463,.,1;2;3;4;5,.,1;2;3;4;5;6;7;8;10;11;12;13;14;16;17,.,1;5;9;10;11;12;13
839,1;2;3;4;5,.,1;2;4;6;7;10;12;17,.,15,.
52,2;1;3;4;5,.,1;2;3;5;6;7;8;10;9;11;12;13;14;15;16;17;18,.,9;12,.
1113,.,1;2;3;4;5,.,1;2;5;6;8;10;11;12;13;14;15,.,13
538,1;2;3;4;5,.,1;2;3;4;5;6;7;8;9;10;11;12;14;17;18,.,15,.
1315,.,1;2;3;4;5,.,1;2;3;4;5;6;7;10;12;13;14,.,1;3;13
463,1;3;2;4;5,.,1;2;3;4;6;7;8;10;12;13;15;17,.,8;11;12,.
1349,.,1;2;5;3;4,.,1;2;3;5;6;7;8;10;12;13;14;17,.,15
1644,.,5;4;3;2;1,.,2;3;5;6;10;11;12;14;16,.,1;2;3
1155,.,1;2;3;4;5,.,1;2;3;4;5;6;8;9;10;11;12;13;16;17,.,1;5;8;9;10;12;13
751,1;2;3;4;5,.,1;3;2;4;5;6;7;8;9;10;11;12;13;14;16;17,.,1;3;4;8;9;10;12;13,.
1322,.,2,.,1;2;3;4;6;8;9;10;11;12;13;17,.,15
1173,.,1;2;3;4;5,.,1;2;3;4;5;6;7;8;9;10;11;12;13;15;16;17,.,1;2;3
1367,.,1;2;3;4;5,.,6;10;11;13,.,1;2;3
718,1;2;3;4;5,.,1;2;3;5;6;10;12;13;16;17,.,1;3;8;9;12,.
852,1;2;3;4;5,.,1;2;3;5;6;9;10;11;12;13;15;14;17,.,12;1,.
1323,.,2;3;1;4;5,.,1;2;3;4;5;6;7;9;10;11;12;13;14;16;17,.,15
1500,.,1;2;3;4;5,.,1;2;3;4;5;6;9;10;11;12;14;17,.,12
1141,.,1;2;3;4;5,.,1;2;3;4;5;6;7;8;10;11;12;13;17,.,15
1034,.,1;2;3;4;5,.,1;2;3;4;6;10;11;12;13;17,.,1
1406,.,1;2;3;4;5,.,1;2;3;4;6;5;7;8;9;10;11;12;16;17,.,1;3;9
569,1;2;3;4;5,.,1;2;3;4;5;6;9;14;13;12;11;10;8,.,1;9,.
1448,.,1;2;3;4;5,.,3;5;6;7;8;9;10;11;12;13;17,.,1
1431,.,1;2;3;4;5,.,1;2;3;4;6;7;8;5;9;10;12;16;17,.,2;9
857,1;2;3;4;5,.,1;2;3;4;5;6;7;8;9;10;11;12;13;16;17;18,.,8,.
1301,.,2;1;3;4;5,.,2;3;6;10;12,.,15
1312,.,1;2;3;4;5,.,1;3;2;4;5;6;7;8;9;10;11;12;13;14;17,.,1
1548,.,1;2;4;5,.,1;2;3;4;6;10;12;17,.,1;13
383,1;2;3;4;5,.,1;2;3;4;5;6;8;9;10;11;12;13;16;17;18,.,1;2;12,.
601,1;2;3;4;5,.,1;2;3;4;5;6;8;10;11;12;13;17,.,1;3,.
878,5;4;3;2;1,.,1;2;3;5;7;6;9;10;12;13,.,1;3;13,.
1422,.,1;2;3;4;5,.,1;2;3;10;11;12;14,.,1;3
1202,.,2;3;4;5,.,1;2;3;4;5;6;7;9;10;11;12;13;14;15;16;17;18,.,1;8;10;12;13
673,1;2;3;4;5,.,1;2;3;4;5;6;8;9;10;11;12;13;14;18,.,6;9;12,.
1612,.,1;2;3;4;5,.,1;2;3;5;6;9;10;12,.,2
1171,.,1;2;3;4;5,.,1;2;3;4;6;10;11;12;13;17;18,.,1;3;4;5;8;10;12;13
1366,.,1;2;3;4;5,.,1;2;3;4;5;6;7;8;10;11;12;14;16;17,.,4
1458,.,1;2;3;4;5,.,1;2;3;4;5;6;7;8;9;10;11;12;13;14;15;16;17;18,.,1;9
50,1;2;3;4;5,.,1;2;3;4;5;6;10;12,.,1,.
1468,.,1;2;3;4;5,.,1;2;3;4;5;6;7;8;9;10;11;12;13;14;17,.,1;3;8
614,1;2;3;4;5,.,1;2;3;4;6;7;8;9;10;11;12;13;14;17,.,1;3,.
1004,.,1;2;3;4;5,.,1;3;2;5;4;6;10;11;12;13,.,1;3;12
583,1;2;3;4;5,.,2;3;6;7;10;12;13;14,.,15,.
1129,.,1;2;3;4;5,.,3;4;10;12;17,.,13
1154,.,1;2;3;4;5,.,1;2;3;4;5;6;9;10;12;16;17,.,1;6;7;9
853,1;2;3;4;5,.,1;2;3;6;10;12;11;17,.,3,.
1101,.,1;2;3;4;5,.,6;5;4;3;2;1;8;10;11;12;15;14;13,.,1;2;9;13
1189,.,1;2;3;4;5,.,1;2;3;4;6;10;12;13,.,1;2;3;12;13
596,1;2;3;4;5,.,1;2;3;5;6;10;14;17,.,15,.
597,1;2;3;4;5,.,1;2;3;4;8;10;6;11;14,.,8,.
1057,.,1;2;3;4;5,.,1;2;3;4;5;10;12,.,14
1325,.,1;2;3;4;5,.,2;3;4;5;10;11;12;14;15,.,1;3;8;13
1678,.,1;2;3;5;4,.,1;2;3;4;5;6;7;8;9;10;11;12;13;14;16;17,.,1
805,1;2;3;4;5,.,1;2;3;4;5;6;7;8;9;10;11;12;13;16;17,.,1;3;8;9;10;12,.
494,1;2;3;4;5,.,1;2;3;4;5;6;7;8;10;11;12;13;14;17;18,.,1;4;10;12,.
1616,.,1;2;3;4;5,.,1;2;3;5;6;7;8;9;10;11;12;13;14;16;17;18,.,1;3;12;13
1527,.,1;2;3;4;5,.,1;2;3;4;5;6;7;8;9;10;11;12;13;14;18,.,1
1682,.,1;2;3;4;5,.,1;2;3;4;5;6;8;10;11;12;14;15;17,.,15
1058,.,1;2;3;4;5,.,1;2;3;4;5;6;7;10;11;12;13;14;15;18,.,1;3;8;9;13;12
267,2;3;4;5,.,1;2;3;5;4;6;7;8;9;10;11;12;13;17,.,1;3;8;10;12;13,.
1618,.,1;2;3;4;5,.,1;2;3;4;5;6;7;10;11;12;13;14;16,.,1;2;3;8
605,1;2;3;4;5,.,1;2;3;4;5;6;8;9;10;11;17,.,1;13,.
784,1;2;3;4;5,.,1;2;3;4;5;9;10;11;12;13;14,.,1;3;7;8;12;13,.
1403,.,1;2;3;4;5,.,1;2;3;4;5;6;7;8;9;10;11;12;13;14,.,13
1690,.,4;5;3;2;1,.,1;2;3;4;5;6;7;10;11;12;14;17,.,1;12;10
598,1;2;3;4;5,.,1;2;3;5;4;6;10;11;12;17,.,13,.
830,1;2;3;4;5,.,1;2;3;4;6;7;9;10;12;13;16;17,.,15,.
753,1;2;3;4;5,.,2;3;5;6;10;11;12;13,.,1;2;7,.
1697,.,4;5;3;2;1,.,1;2;3;4;5;6;7;8;9;10;11;12;13;16;17,.,1;2;3;7;8;9;10;11;12;13
1019,.,1;2;3;4;5,.,1;2;3;4;5;6;10;12;14;13,.,1
518,1;2;3;4;5,.,2;3;4;5;6;10;11;12;13;14;15,.,7;9;11,.
1510,.,1;2;3;4;5,.,2;3;4;5;6;10;11;12;14,.,1;12
1095,.,1;2;3;4;5,.,1;2;3;4;6;10;12;14,.,3;10;12;13
1551,.,2;3;1;4;5,.,1;2;3;4;5;6;7;8;10;11;12;13;17,.,1;10;12;13
1708,.,1;2;3;4;5,.,1;2;3;6;7;8;9;10;11;12;13;14;15;16;17,.,1
520,2;3;4;5,.,1;2;3;4;5;6;9;10;11;12;13;17,.,1;2;3;8,.
445,1;2;3;4;5,.,1;2;3;4;5;6;10;12;17;18,.,3,.
1246,.,4;5;3;2;1,.,1;2;3;5;6;7;8;9;10;11;12;13;16;17,.,2;3;9;10;12;13
485,1;2;3;4;5,.,1;2;3;5;6;7;10;11;12;13;14;17,.,3,.
782,1;2;3;4;5,.,1;2;3;4;5;6;8;10;12;16;17,.,15,.
1416,.,1;2;4;3;5,.,1;2;3;5;6;7;8;9;10;11;12;13;14;17,.,1;2;3
1250,.,3,.,1;2;3;5;6;10;12,.,12
1535,.,1;2;3;4;5,.,1;2;3;4;6;9;10;11;12;13;14;15;17,.,1;3;9;12;13
273,1;2;3;4;5,.,2;1;3;4;5;6;7;8;9;10;11;12;13;17;16,.,15,.
70,1;2;3;4;5,.,1;2;3;5;6;7;8;10;11;12;13;14;17,.,3;12;13,.
1727,.,1;2;3;4;5,.,17;15;14;13;12;11;10;9;8;7;1;2;3;5;6,.,15
324,2;1;4;5,.,1;2;3;4;5;6;9;10;11;12;13;14;17,.,15,.
1512,.,2;3;4;5,.,1;2;3;4;5;6;7;9;10;11;12;13;14;16;17,.,1
1444,.,1;2;3;4;5,.,1;2;3;5;6;7;8;10;11;12;13;14;16;17,.,1;2;3;7;12;13
754,1;2;3;4;5,.,1;2;3;4;5;6;10;11;12;13;14;16;17;18,.,3;6;8;10;12;13,.
453,1;2;3;4;5,.,3;2;1;11;10;8;7;6;5;12;13;14;15,.,15,.
887,1;2;3;4;5,.,1;2;3;5;6;7;10;12,.,3,.
1408,.,1;2;3;4;5,.,1;2;3;4;5;6;7;10;11;12;13;14;17,.,3;12;13
492,1;2;3;4;5,.,1;2;3;4;5;6;9;10;11;12;13;14;15,.,1;3;6;7;12;14,.
1008,.,1;2;3;4;5,.,1;2;3;4;5;6;8;10;11;12;14;13;16,.,8
145,1;2;3;4;5,.,1;2;3;4;5;6;7;9;10;11;13;14,.,2,.
756,1;2;3;4;5,.,1;2;3;5;6;8;9;10;11;12;13;14;16;17,.,1;8;9;12,.
1277,.,1;2;3;4;5,.,1;2;3;4;5;6;7;10;11;12;13;14;17,.,1;6;8
1011,.,1;2;3;4;5,.,1;2;3;4;5;6;8;10;11;12;13;14,.,1;2;3;13
360,1;2;3;4;5,.,1;2;3;4;5;6;7;9;10;11;12;13;14;17;18,.,1;10;12,.
487,1;2;3;4;5,.,1;2;3;5;6;7;9;10;12;17,.,1;3;12,.
1522,.,1;2;3;4;5,.,1;2;3;4;10;12,.,1
706,1;2;3;4;5,.,1;2;3;4;5;6;7;9;10;11;12;13;14;15;17,.,1;3;4;6;8;12,.
1201,.,1;2;5;4;3,.,1;2;3;5;6;7;8;9;10;11;12;13;16;17,.,1;3;8;9;12;13
1391,.,1;2;3;5;4,.,1;2;3;4;5;6;7;8;9;10;11;12;13;16;17,.,15
758,1;2;3;5,.,5;10;11;12,.,15,.
149,1;2;3;4;5,.,1;2;3;4;5;6;10;11;12;14,.,6;8;12,.
1460,.,1;2;3;4;5,.,3;4;5;10;12,.,1;6;12
1012,.,1;2;3;4;5,.,1;2;3;5;6;10;12;13;17,.,1;7;13
375,1;2;3;4;5,.,1;2;4;5;6;8;10;11;12;13;14,.,15,.
460,1;2;3;4;5,.,1;2;3;4;6;7;8;10;11;12;13,.,1;7;9;12;13,.
1524,.,1;2;3;4;5,.,1;2;3;5;6;8;10;11;12;13,.,1
1284,.,1;2;3;4;5,.,3;5;4;6;8;10;11;12;15,.,1;2;3;6;9;12
1585,.,1;2;4;5,.,1;2;3;4;5;6;7;8;9;10;11;12;13;16;17,.,4;13
497,1;2;3;4;5,.,1;2;3;4;5;6;7;9;10;11;12;13;17,.,1;3;12,.
1137,.,1;2;3;4;5,.,1;2;3;4;5;6;7;8;9;10;11;12;13;14;16;17,.,1;3;8;9;10;12;13
381,1;2;3;4;5,.,2;1;3;4;5;6;10;11;12;13;14,.,14,.
1015,.,1;2;3;4;5,.,6;10;12,.,1;3
1286,.,1;2;3;4;5,.,1;2;3;5;4;6;7;10;11;12;13,.,1;3;2;6;10;12
394,1;2;3;4;5,.,1;2;3;5;6;7;9;10;11;12;14;13;15;4,.,1;3;9,.
642,1;2;3;4;5,.,1;2;3;4;5;6;8;10;11;12;13;14,.,3,.
1662,.,1;3;4;5;2,.,1;2;3;5;6;7;8;9;10;11;12;13;14;15;16;17,.,1;2;3;13
1461,.,1;2;3;4;5,.,1;3;4;6;10;11;12;13;14,.,1;3;7
1294,.,1;2;3;4;5,.,1;2;3;6;10;11;12,.,15
269,1;2;3;4;5,.,1;2;3;4;5;6;7;8;12;13;17,.,3;12;13,.
1348,.,1;2;3;4;5,.,1;2;3;4;5;6;7;8;9;10;11;12;17;18,.,12
643,2;3;4;5,.,1;2;3;4;6;8;10;11;12;13,.,1;2;3;6;7;11;12;13,.
1710,.,1;2;3;4;5,.,14;17;16;12;11;10;9;8;7;6;5;4;3;2;1,.,15
158,2;3;4;5,.,1;2;3;4;5;9;10;11;12;13;14,.,1;3,.
1036,.,1;2;3;4;5,.,1;2;3;4;5;6;8;10;11;12;13,.,14
881,2;3;4;5,.,2;3;4;6;10;17,.,6,.
1376,.,1;2;3;4;5,.,1;2;3;4;5;6;7;9;8;10;11;12;13;14;16;17,.,1;9;10;11;12;13
1471,.,1;2;3;4;5,.,2;3;5;6;10;12,.,1;12;13
1208,.,1;2;3;4;5,.,1;2;3;4;6;9;10;11;12;13;14;17,.,1;2;3;8;10;11;12;13
1392,.,1;2;3;4;5,.,1;3;4;6;7;10;11;13;14;17,.,15
164,2;3;4;5,.,2;3;4;10;12;13,.,1;13,.
310,1;2;3;4;5,.,1;2;3;4;5;6;7;8;9;10;11;12;13;14;17,.,13,.
1672,.,1;2;3;4;5,.,1;2;3;4;5;6;8;10;11;12;15,.,3
534,1,.,1;2;3;4;5;6;7;8;10;11;12;13;14;16;17;18,.,1;9,.
511,1;2;3;4;5,.,1;2;3;4;5;6;10;12;13;17,.,15,.
1060,.,1;2;3;4;5,.,2;3;4;6;8;10;11;12;13;14;15,.,1;3
1235,.,1;2;3;4;5,.,3;2;4;5;8;10;11;12;14;15,.,1;2;3;7;9;12;13
526,1;2;3;4;5,.,1;2;6;7;8;12,.,3,.
1744,.,4;5;3;2;1,.,1;3;6;10;12;14;17,.,2;3
741,1;2;3;4;5,.,1;2;3;4;5;6;8;9;10;11;12;14,.,1;2;3;8;12,.
1409,.,1;2;3;4;5,.,1;2;3;5;6;7;8;10;11;12;13;15;17;18,.,1;2;3;12
1055,.,1;2;3;4;5,.,1;2;3;4;5;6;10;12;13;14,.,1
1489,.,1;2;3;4;5,.,1;2;3;4;5;6;7;9;11;10;12;13;15;17,.,1;2;3;9;12
1245,.,2;3;4;5,.,1;3;2;4;5;7;6;8;10;11;12;13;16;17;18,.,9;12;13
1525,.,1;2;3;4;5,.,1;2;3;5;4;6;7;8;9;10;11;12;13;14,.,15
1120,.,2;3;4;5,.,1;2;3;4;5;6;7;8;9;10;11;12;13;16;17,.,12;1
296,1;2;3;4;5,.,1;2;3;4;5;6;7;8;10;11;12;13;16;17,.,2;3,.
1638,.,1;2;3;4;5,.,2;3;6;10,.,15
178,1;2;3;4;5,.,1;2;3;4;5;6;7;8;9;10;11;12;13;14;16;17,.,1;12;13,.
490,1;2;3;4;5,.,1;3;4;5;6;7;10;12,.,3;12,.
1338,.,1;2;3;4;5,.,1;2;3;5;6;7;10;11;12;13;14;17,.,3
1742,.,1;4;3;5;2,.,1;2;3;6;7;8;10;13;17,.,3;6;7
1699,.,1;2;3;4;5,.,2;1;3;5;6;8;10;11;12;13;14;17,.,2;3;10;13
1248,.,1;2;3;4;5,.,1;2;3;4;5;6;7;8;11;10;12;13;14;16;17,.,15
1039,.,1;2;3;4;5,.,1;2;3;4;5;6;7;8;10;9;11;13;12;14;17,.,2;3;9;10;13
560,1;2;4;5;3,.,1;2;3;4;5,.,1;2;3,.
493,1;2;3;4;5,.,2;4;5;6;9;10;11;12;13;15;17,.,15,.
1159,.,1;2;3;4;5,.,1;2;3;4;5;6;7;8;9;10;11;12;13;16;17,.,1;2;3;8;9;12;13
762,2;3;4;5,.,1;2;3;5;6;7;8;10;11;12;13;14;17,.,3;8;12,.
574,1;2;3;4;5,.,1;2;3;5;6;7;9;10;11;12;14;15,.,3;1;6,.
1002,.,1;2;3;4;5,.,1;2;3;4;5;6;10;11;12;13;14;17,.,3;8;13
314,1;2;3;4;5,.,1;3;2;5;4;6;7;8;9;10;11;12;13;14;16;17,.,3;13,.
1356,.,1;2;3;4;5,.,1;2;3;6;8;10;11;12;13;15,.,2;3;8;9;12;13
1292,.,1;2;3;4;5,.,1;2;10;12,.,2;3;12;13
1621,.,1;2;3;4;5,.,1;2;3;4;5;6;7;8;9;10;12;13;14;16;17,.,2;3;8;9;12;13
707,1;2;3;4;5,.,2;4;6;10;12;14;17,.,1;3;6;8;13,.
536,1;2;3;4;5,.,1;2;3;4;5;6;9;10;11;12;13;16;17,.,1;2;3;7;8;12,.
1069,.,1;2;3;4;5,.,1;2;3;5;4;6;7;8;9;10;11;12;14,.,1
187,1;2;3;4;5,.,1;2;3;5;6;9;10;11;12;13;14,.,8;10;12;13,.
191,1;2;3;4;5,.,1;2;3;5;6;10;12;13;17,.,1;9,.
1417,.,1;2;3;4;5,.,1;3;4;9;10;11;12;13;14,.,12;5
1629,.,1;2;3;4;5,.,1;2;3;5;6;7;8;9;10;11;12;13;17,.,1;2;3;8;12;13
1641,.,1;2;3;4;5,.,1;2;3;5;6;10;12;11;13;14,.,1;3
1595,.,1;2;3;4;5,.,2;3;4;5;6;10;11;12;17,.,15
1297,.,1;2;3;4;5,.,1;2;3;4;5;6;8;9;10;11;12;13;14;16;17,.,1;4;6;7;8;12;13
1086,.,1;2;3;4;5,.,2;3;5;6;10;12,.,12
590,1;2;3;4;5,.,1;2;3;4;5;6;7;8;9;10;11;12;13;16;17,.,1;3;8;9;10;11;12;13,.
1350,.,1;2;3;4;5,.,1;2;3;4;5;6;7;8;9;10;11;12;13;14;15;16;17,.,1;2;3
1041,.,1;2;3;4;5,.,1;2;3;4,.,1;12
1001,.,1;2;3;4;5,.,1;2;3;5;6;7;10;11;12;13;14,.,1;2;3
796,1;2;3;4;5,.,1;2;3;5;6;10;11;12;14;17,.,2;10,.
528,1;2;3;4;5,.,1;2;3;4;5;6;7;10;11;12;13;14;17,.,15,.
1071,.,1;2;3;4;5,.,1;2;3;4;5;7;6;13,.,1;2;3;7;8;9;13
1020,.,1;2;3;4;5,.,1;2;3;4;6;9;10;12;13;14,.,8;12
1026,.,1;2;3;4;5,.,1;2;3;4;5;10;11;12;14,.,3;2
568,1;2;3;4;5,.,1;2;3;5;6;10;11;12;15,.,12,.
1157,.,2;3;4;5,.,1;2;3;4;6;9;10;12;13;14;17,.,1;2;13
301,1;2;3;4;5,.,3;4;1;5;6;10;13,.,2;13,.
775,1;2;3;4;5,.,1;2;3;4;5;6;7;8;10;9;11;12;13;16;17,.,2;3;8;9;13,.
1538,.,1;2,.,2;5;6;10;11;12;15;16;17,.,15
1540,.,1;3;4;5,.,2;3;4;5;6;10,.,15
234,2;4;3;5,.,1;2;3;5;6;7;10;12;17,.,15,.
662,2;3;4;5,.,1;2;3;4;6;7;10;11;12;13;14;17,.,1;3;12;13,.
1215,.,1;2;3;4;5,.,1;2;3;4;5;6;7;8;9;10;11;12;13;14;17,.,1;2;3;13
1096,.,1;2;3;4;5,.,1;2;3;6;10,.,14
213,1;2;3;4;5,.,1;2;3;4;5;6;7;9;10;11;12;13;16;17,.,3,.
1650,.,1;5,.,1;3;6;7;10;11;12;14,.,12
1545,.,1;2;3;4;5,.,1;6;10;11;12;13,.,3
1437,.,1;2;3;4;5,.,3;10;11;12;14,.,2;3;12;13
1549,.,2;3;4;5,.,3;4;5;6;10;11;12,.,15
1642,.,2;3;4;5,.,1;2;3;4;5;6;7;8;9;10;11;12;13;14;16;17,.,15
1044,.,1;2;3;4;5,.,5;10;11;12,.,1;2;3;8;13
1079,.,1;2;3;4;5,.,3;4;5;6;10;11;12;14,.,1;2;3;12;13
1562,.,1;2;3;4;5,.,1;2;3;4;5;6;10;11;13;14,.,6
1220,.,1;2;3;4;5,.,1;2;3;4;5;6;7;8;10;11;12;13;14,.,1;12;14
815,1;2;3;4;5,.,1;2;4;5;6;7;9;10;11;12;13;16;17,.,4;8,.
1570,.,1;2;3;5,.,1;2;3;4;5;6;7;8;9;10;11;12;13;16;17,.,1
1007,.,1;2;3;4;5,.,1;2;3;4;5;6;10;11;12;13;14,.,1;8;12;13
1647,.,1;2;3;4;5,.,1;2;3;4;5;6;7;8;10;11;12;13,.,3;12;13
546,1;2;3;4;5,.,1;2;3;5;6;10;11;12;13;16,.,1;6;8;9,.
850,1;2;3;4;5,.,1;2;3;4;5;6;8;10;11;12;15;17,.,12,.
616,2;4;5,.,1;2;3;8;10;12;13;16;17;18,.,1;2;3,.
1592,.,1;2;3;4;5,.,1;2;3;5;6;10;11;12;13;14,.,15
1694,.,1;2;3;4;5,.,1;2;3;5;6;10;11;12;14;16,.,2;6;13
371,1;2;3;4;5,.,1;2;3;4;5;6;10;12;13;14,.,1;8;12;13,.
1607,.,1;2;3;4;5,.,1;2;3;4;5;6;8;9;10;11;12;13;17,.,3;1;8
810,1;2;3;4;5,.,1;2;3;4;5;6;9;10;11;12;13;16;17,.,3;8,.
1061,.,1;2;3;4;5,.,1;2;3;4;5;6;11;10;12;16,.,3
1630,.,1;2;3;4;5,.,1;2;3;5;6;8;9;10;11;12;13;16;17,.,15
812,2;3;4;5,.,1;2;3;5;6;8;9;10;11;12;13;16;17,.,15,.
634,1;2;3;4;5,.,2;3;4;6;10;11;12;13,.,1;10;12;13;3,.
1633,.,1;2;3;4;5,.,2;3;5;6;7;8;10;11;12;13;14;16;17,.,9;10
1702,.,1;2;3;4;5,.,1;2;3;4;5;6;7;9;10;11;12;13;17,.,1
669,1;2;3;4;5,.,1;2;3;5;6;10;11;12;14,.,3;6;8;13,.
249,1;2;3;4;5,.,2;3;4;5;6;7;8;9;10;11;12;13;14;16;17,.,1,.
1703,.,1;2;3;4;5,.,1;2;3;4;5;6;7;8;9;10;11;12;13;14;16;17,.,15
1554,.,1;2;3;4;5,.,1;2;3;4;5;6;7;8;9;10;11;12;13;14;16;17,.,8
1645,.,1;2;3;4;5,.,1;2;3;5;6;7;10;12,.,2;3;12;13
808,1;2;3;4;5,.,1;2;3;5;6;8;9;10;11;12;13;14;16;17,.,8;1;6;4,.
624,1;2;3;4;5,.,1;2;3;5;6;7;8;10;13;14,.,8;12,.
1530,.,5;4;3;2;1,.,1;2;3;6;10;11;12;13,.,15
1529,.,1;2;3;4;5,.,2;3;5;6;10;12;13,.,15
499,1;2;3;4;5,.,1;2;3;4;5;6;7;8;10;11;12;13;14;15;16;17,.,5;9,.
744,1;2;3;4;5,.,1;2;3;4;5;6;7;8;9;10;11;12;13;14;15;16,.,1;3;6;8;9;11;12;13,.
1536,.,1;2;3;4;5,.,1;2;3;5;6;10;11;12;13;17,.,1
888,1;2;3;4;5,.,1;2;3;4;5;8;10;11;12;13;14;15,.,15,.
1049,.,1;2;3;4;5,.,2;3;4;5;6;7;10;11;12;13,.,1;3;12
5,1;2;3;4;5,.,1;2;3;5;6;7;8;10;11;12,.,15,.
265,3;2;4;5,.,1;2;5;10;12;13;16;17,.,15,.
1164,.,2;3;4;5,.,1;2;3;6;7;10;11;12;13,.,1
1606,.,1;2;3;4;5,.,1;2;3;4;5;6;7;8;9;10;11;12;13;14;16;17,.,15
1688,.,1;2;3;4;5,.,1;2;3;4;5;6;10;12;13;14;16;17,.,13
1601,.,1;2;4;5;3,.,1;2;3;4;5;6;7;10;11;12;13;14,.,3;6;8;12;13
1466,.,1;2;3;4;5,.,1;2;3;5;6;7;8;10;12;14,.,12
1508,.,1;5;2,.,1;2;3;6;10;11;12;14,.,15
608,1;2;3;4;5,.,1;2;3;5;6;10;12;13;14,.,2;3;12;13,.
1632,.,1;2;3;4;5,.,1;2;3;5;6;7;8;10;11;12;13;14,.,15
1533,.,1;2;3;4;5,.,1;2;3;6;10;11;12;13;14;17,.,15
1149,.,1;2;3;4;5,.,1;2;3;4;5;6;7;8;9;10;11;12;13;16;17,.,3
764,1;2;3;4;5,.,3;1;2;4;5;6;7;8;9;10;11;12;14;13;16;17;18,.,1;2;3;6;8;9;10;11;12;13,.
1099,.,1;2;3;4;5,.,1;2;3;5;6;7;9;10;11;12;13,.,2;3;6
791,1;2;3;4;5,.,1;4;5;6;7;10;11;12;14,.,15,.
1133,.,1;2;3;4;5,.,4;6;10;12,.,2;3;8;13
1324,.,1;2;3;4;5,.,1;2;3;5;6;10;11;12;13;14,.,15
1722,.,1;2;3;4;5,.,1;2;3;5;4;6;7;10;11;12;13;14;16;17,.,8
780,1;2;3;4;5,.,2;1;3;4;5;6;7;8;9;10;11;12;13;14;16;17;18,.,2;6;8;9,.
1568,.,1;2;3;4;5,.,1;2;3;4;6;8;10;11;12;14,.,15
1451,.,1;2;3;4;5,.,2;6;10;11;12;14,.,2;3;8;12
1654,.,1;2;3;4;5,.,1;2;3;4;5;6;7;8;9;10;11;12;13;16;17,.,15
1574,.,1;2;3;4;5,.,1;2;3;5;6;9;10;11;12;13;17,.,15
437,2;1;3;4;5,.,1;2;3;4;6;10;12;13,.,2,.
1177,.,1;2;3;4;5,.,1;2;3;4;5;6;8;9;10;11;12;13;14;17;18,.,15
1580,.,1;2;3;4;5,.,1;2;3;6;10;12,.,15
1473,.,1;2;3;4;5,.,2;3;4;6;10;12;14,.,1;12
105,1;2;3;4;5,.,1;2;3;4;5;6;10;11;12;13;14,.,1;3;13,.
1476,.,1;2;3;4;5,.,2;3;5;8;10;11;12;17,.,1;6;12
1615,.,1;2;3;4;5,.,3;2;1;4;6;10;11;12;13;14;15;16;17,.,1;3;5;8;9;10;11;12
1148,.,1;2;3;4;5,.,1;2;3;5;6;8;10;11;12;14;17,.,1;8;9;10;13
1481,.,1;2;3;4;5,.,1;2;3;4;5;6;7;9;10;11;12;13;14,.,1;8
761,2;3;4;5,.,1;2;3;5;6;8;9;10;11;12;13;14;17,.,7,.
1655,.,1;2;3;4;5,.,1;2;3;6;7;8;10;11;12;13;15;16;17,.,1;3;4;9
470,1;2;3;4;5,.,1;2;3;5;6;7;8;10;11;12;13;15,.,1;2;3;4;8;10;9;11;12;13,.
771,1;2;3;4;5,.,1;2;3;5;6;8;10;11;12;13;14;17,.,6;8;12;13,.
1027,.,1;2;3;4;5,.,1;2;3;5;6;8;10;11;12,.,1;3
1455,.,1;2;3;4;5,.,1;2;3;4;5;6;10;11;12;13;14;17,.,1;2
783,1;2;3;4;5,.,1;2;3;4;5;6;8;10;11;12;13;14,.,14,.
1031,.,1;2;3;4;5,.,2;3;4;6;10;11;12;14,.,15
1032,.,1;2;3;4;5,.,1;2;3;5;6;8;9;10;11;12;13;14;15,.,1;2;3
1330,.,1;2;3;4;5,.,1;2;3;5;6;10;11;12;14,.,15
1495,.,1;2;3;4;5,.,1;2;3;5;6;10;11;12;13,.,1;3;12
1671,.,1;2;3;5;4,.,3;4;6;10;12,.,15
1501,.,1;2;3;4;5,.,1;2;3;4;5;6;7;9;10;11;12;13;15;17,.,1;2;3;6;9;12
776,1;2;3;4;5,.,1;2;3;4;6;8;9;10;11;12;13;14,.,6;8;3,.
1334,.,1;2;3;4;5,.,1;2;3;4;5;6;7;8;9;10;11;12;13;14;16;17,.,1;9;13
1050,.,1;2;3;4;5,.,3;10;11;12;15,.,15
1502,.,1;2;3;4;5,.,1;2;3;4;6;7;8;9;10;11;12;13;14;17,.,1;3;6;7
1433,.,1;2;3;4;5,.,3;5;6;7;10;12;17,.,15
1572,.,1;2;3;4;5,.,1;2;3;4;5;6;7;9;10;11;12;13;14;15;16;17;18,.,2;9;12
615,1,.,2;3;6;10;11;14,.,3,.
1591,.,1;2;3;4;5,.,1;2;3;4;5;6;8;9;10;11;12;14,.,1;6;9;13
1477,.,1;2;3;4;5,.,1;2;3;6;7;10;11;12;14,.,1
1053,.,1;2;3;4;5,.,1;2;3;5;6;10;11;12;13;14,.,1;2;3
646,2;3;4;5,.,1;2;3;5;6;7;10;12,.,1;2;12;13,.
100,1;2;3;4;5,.,1;2;3;4;5;6;7;8;10;11;12;13;14;15;17,.,3;2;6;12;13,.
1498,.,1;2;3;4;5,.,1;2;3;5;6;7;9;10;11;12;13;16;17,.,1;3;4;8;9;12
650,1;2;3;4;5,.,1;2;3;5;6;4;10;11;12;13;14,.,2;3;8;10,.
1167,.,1;2;3;4;5,.,1;2;3;5;6;7;8;9;10;12;13;16;17;18,.,1;2;8;9;12
1684,.,2;3;4;5,.,1;2;3;4;5;6;10;11;12;13;14;16;17,.,15
24,1;2;3;4;5,.,1;6;8;10;12;11;14,.,8;12,.
1067,.,1;2;3;4;5,.,1;2;3;5;6;10;11;12;13;14;15,.,15
652,1;2;3;4;5,.,1;2;3;4;6;10;11;12;13;17,.,1;6,.
53,1;2;3;4;5,.,1;2;3;4;5;6;10;12;14,.,7,.
1357,.,2;3;4;5,.,1;2;3;4;5;6;7;8;10;11;12;13;16;17,.,1;12;10;9
644,1;2;3;4;5,.,1;2;3;5;6;8;9;10;12;17;18,.,1;2;8;10;11;12;13,.
1088,.,1;2;3;4;5,.,1;2;3;6;9;10;11;12;13;14;15,.,1
1373,.,1;2;3;4;5,.,1;2;4;6;9;10;12;13;17,.,1;2;3;8
1076,.,1;2;3;4;5,.,1;3;10;11;12,.,13;12;10;8;3;2
1293,.,1;2;3;4;5,.,1;2;3;4;5;6;7;8;9;10;11;12;13;14,.,1;2
1003,.,1;2;3;4;5,.,3;4;5;6;8;7;10;11;12;14,.,10
537,1;2;3;4;5,.,1;3;6;10;11;12,.,3,.
93,1;2;3;4;5,.,2;1;3;4;5;6;7;8;11;10;12;13;15;18,.,1;3;2;9;12;13,.
766,1;2;3;4;5,.,1;2;3;5;6;7;9;10;11;12;13;14;15;16;17,.,1;3;10;13,.
8,1;2;3;4;5,.,1;2;3;5;6;7;10;12,.,15,.
621,1;2;3;4;5,.,1;2;3;4;5;6;8;9;10;11;12;13;14;16;17;18,.,1;2;8;9;10;12,.
23,2;1;3;4;5,.,2;3;5;4;7;6;9;10;11;12;13;14;15;17,.,1;3;7;9;13,.
1480,.,1;2;3;4;5,.,2;3;4;6;10;12;13;14;17,.,1;2;3
1104,.,1;2;3;4;5,.,2;1;3;5;6;8;10;11;12;13;14,.,15
73,1;2;3;5,.,1;2;3;4;6;10;11;12;13;17,.,1;2;3;6,.
525,1;2;3;4;5,.,1;3;2;6;7;10;12;17,.,14,.
626,1;2;3;4;5,.,1;2;3;4;5;6;8;10;11;12;13;15;17,.,1;2;3;13,.
344,1;2;3;4;5,.,1;2;3;4;5;6;7;10;12;13;17;18,.,1;2;3;7;8;12,.
795,1;2;3;4;5,.,1;2;3;4;5;6;9;10;12;14;17,.,3;8;10;11,.
609,1;2;3;4;5,.,1;2;3;5;6;10;11;12;17,.,15,.
539,1;2;3;4;5,.,1;2;3;4;6;7;8;9;10;11;12;13;17,.,13,.
65,1;2;3;4;5,.,2;1;3;4;5;6;9;10;13;12;17,.,1,.
818,1;2;3;4;5,.,1;2;3;4;6;7;8;10;11;12;13,.,3;1;2,.
540,1;2;3;4;5,.,1;2;3;4;5;6;7;10;11;12;13;16,.,1;5,.
550,1;2;3;5;4,.,1;2;3;5;6;8;10;11;12;13;14,.,3;14,.
1221,.,1;2;3;4;5,.,1;2;3;5;6;9;10;8;11;12;13;17,.,1;2;3;8;13
1375,.,1;2;3;4;5,.,1;2;3;5;6;10;11;12;13;14;15;16,.,2;3
1100,.,1;2;3;4;5,.,2;3;6;10;11;12,.,15
1342,.,1;2;3;4;5,.,2;3;6;10;11,.,15
1089,.,2;3;4;5,.,1;2;3;5;4;6;10;11;12;13;14,.,2;3;14
1344,.,1;2;3;4;5,.,6;10;12,.,15
1351,.,1;2;3;4;5,.,1;2;3;5;6;8;10;12,.,15
1380,.,1;2;3;4;5,.,1;2;3;8;9;10;11;12;13;14;17,.,15
1381,.,1;2;3;4;5,.,1;2;3;5;6;9;10;11;12;13;14;15;17,.,3
1398,.,1;2;3;4;5,.,2;1;3;5;6;10;11;9;12;13,.,15
656,1;2;3;4;5,.,1;2;3;5;6;7;8;10;11;12;13;16;17,.,1;6;7;9;10;13,.
1414,.,1;2;3;4;5,.,3;2;1;6;10;11;13;14;16,.,2;9;12;13
139,1;2;3;4;5,.,1;2;3;4;5;6;8;7;9;10;11;12;13;14;17,.,15,.
1320,.,1;2;3;4;5,.,3;2;1;4;5;6;7;8;9;10;11;12;13;16;17,.,15
1665,.,1;2;3;4;5,.,2;3;4;5;10;11;12,.,1;3;12
1074,.,1;2;3;4;5,.,1;2;3;5;4;6;8;10;11;12;14,.,1;12
705,1;2;3;4;5,.,1;2;3;4;5;6;7;10;11;12;13;18,.,1;6,.
576,1;2;3;4;5,.,1;2;3;5;6;7;9;8;10;11;12;13;14;16;17;18,.,1;6;7;11;12;13,.
1243,.,1;2;3;4;5,.,2;1;3,.,1;2;3;4;8;9;10;11;12;13
1176,.,1;2;3;4;5,.,10;12;17,.,1;13
1569,.,1;2;3;4;5,.,1;3;4;5;10;11;12;13;17,.,6;8;12;13
442,1;2;4;3;5,.,3;4;5;6;10;11;12;13,.,12;13;10,.
154,1;2;3;4;5,.,2;3;4;6;7;8;9;10;11;12,.,15,.
503,1;2;4;3;5,.,1;3;4;2;5;6;10;11;12;13;14;16;17,.,2;3;9;13,.
1259,.,1;2;3;4;5,.,2;3;5;6;10;12;14,.,13;2
649,1;2;3;4;5,.,1;2;3;5;6;10;11;12;13;14;15;17,.,3;4;8;9;10;12;13,.
842,1;2;3;4;5,.,1;2;3;5;6;7;10;11;12;15,.,3,.
1705,.,1;2;3;4;5,.,1;2;3;4;5;6;7;8;10;11;12;13;15;16;17;18,.,1;3;8;9;12;13
237,2;3;4;5,.,1;2;3;4;5;6;7;8;9;10;11;12;13;14,.,1,.
515,1;2;3;4;5,.,1;2;3;5;6;7;8;10;11;12;13;17,.,1;2;3;8;12;13,.
1720,.,1;2;3;4;5,.,2;3;4;6;10;12;14,.,3
586,1;2;3;5;4,.,1;2;3;5;6;8;10;11;12,.,15,.
710,1;2;3;4;5,.,1;2;3;5;6;10;12,.,13,.
1547,.,2;3;4;5,.,1;2;3;4;5;6;8;9;10;11;12;13;14;17,.,2;3;1;12;13
517,1;2;3;4;5,.,1;2;3;4;6;7;9;10;11;12;13;17,.,2;3;6;13,.
785,1;2;3;4;5,.,1;2;3;5;6;7;8;9;10;12;11;13;14;16;17,.,9;3;10,.
1729,.,1;2;3;4;5,.,1;2;3;4;5;6;7;10;11;12;13;15;17,.,15
1265,.,2;5,.,2;3;5;6;10;12;11,.,7;8;12;13
522,1;2;3;4;5,.,1;2;3;4;6;7;10,.,12;13,.
1619,.,1;2;3;4;5,.,1;2;3;4;6;7;10;12;17,.,15
1186,.,1;2;3;4;5,.,1;2;3;4;5;6;7;8;9;10;11;12;13;14;17;18,.,4;6;7;12;13
185,1;2;3;4;5,.,1;2;3;4;5;7;10;11;12;13;14;16;17,.,12;13,.
584,1;2;3;4;5,.,1;2;3;4;5;6;7;8;9;10;11;12;13;14;16;17,.,3,.
186,1;2;3;4;5,.,1;2;3;4;5;6;7;8;9;10;11;12;13;14;16;17,.,1;2;3;9,.
677,1;2;3;4;5,.,1;2;3;6;7;10;11;12;14;15;17,.,1;9,.
882,1;2;3;4;5,.,1;2;3;5;6;8;10;11;12;14;17,.,7;8;9;12;13,.
599,1;2;3;4;5,.,1;2;3;4;5;6;10;11;12;14,.,1,.
1257,.,1;2;3;4;5,.,2;1;3;5;6;10;11;12,.,15
201,1;2;3;4;5,.,1;2;3;4;5;6;7;8;9;10;11;12;13;14;16;17,.,13;12;11;10;9;8,.
678,1;2;3;4;5,.,1;2;3;6;10;11;12;13;17,.,1;2;3;8;10;12;13,.
202,1;2;3;4;5,.,1;2;3;6;8;10;11;12;13;17,.,1;3;12;13,.
876,1;2;3;4;5,.,1;2;3;5;6;7;8;9;10;11;12;13;16;17,.,13,.
851,1;2;4;3;5,.,1;2;3;5;6;7;9;10;11;12;13;14;16;17,.,10;12,.
1233,.,1;2;3;4;5,.,1;2;3;4;6;7;10;12;13;17,.,15
468,1;2;3;4;5,.,4;3;2;1;7;10;12;14,.,1,.
696,1;2;3;4;5,.,1;2;3;4;5;6;7;8;9;10;11;12;13;17,.,1;3;6;10;12;14,.
1255,.,1;2;3;4;5,.,1;2;3;5;6;7;8;9;10;11;12;13;15;17,.,1
414,1;2;3;4;5,.,17;16;14;13;12;11;10;9;8;7;6;5;4;3;2;1,.,5;12;13,.
893,1;2;3;4;5,.,1;2;3;5;6;7;8;10;11;12;13;16;18,.,1,.
1677,.,1;2;3;4;5,.,1;2;3;5;6;7;10;11;12;17,.,3;13
894,2;3;4;5,.,1;2;3;4;6;10;11;12;13;14;17,.,1;12,.
215,1;2;3;4;5,.,1;2;3;4;5;6;7;9;10;11;12;13;14;16,.,10,.
472,1;2;3;4;5,.,1;2;3;4;5;7;9;10;11;12;13;14;15,.,3;9;12;13,.
5486,.,1;2;3;4;5,.,1;2;3;4;5;6;7;8;10;11;12;13;16,.,15
5301,.,1;2;3;4;5,.,3;2;1;8;10;11;12;13;14;16,.,3;10;12;13
7451,1;2;3;4;5,.,1;2;3;6;7;10;12,.,1;2;3;4;12,.
5003,.,1;2;3;4;5,.,1;2;3;6;10;12;14,.,15
7602,1;2;3;4;5,.,1;2;3;6;7;8;10;12;14;16,.,3;8;9;12;13,.
5410,.,2;3;4;5,.,3;2;1;5;6;10;11;12,.,2;3;13
7754,1;2;3;4;5,.,1;2;3;5;6;7;10;11;12;13;14;17,.,8;12,.
5487,.,5;2;1,.,3;6;10;12,.,2;3
654,1;2;3;4;5,.,1;2;3;4;5;6;8;10;11;12,.,6,.
5611,.,1;2;3;4;5,.,1;2;3;4;5;6;8;9;10;11;12;13;14;15;17,.,1;6;8;9;10;13
7304,1;2;3;4;5,.,1;2;3;6;10;11;12;16,.,1;3;8;12;13,.
5197,.,1;2;3;4;5,.,2;1;3;4;5;6;7;8;10;11;12;13;14;16;17;18,.,15
5308,.,1;3;4;5,.,1;2;3;4;5;6;10;11;12,.,3;13
5007,.,1;2;3;5;4,.,1;2;3;5;6;8;10;11;12;15;17,.,15
7759,5;4;3;2;1,.,1;2;3;5;6;9;8;10;12;13;14;17,.,13;12,.
5411,.,1;2;3;4;5,.,2;3;4;6;9;10;11;12;14,.,1;12
7455,1;2;3;4;5,.,1;2;3;5;6;9;10;11;12;13,.,3;6;12,.
7007,1;2;3;4;5,.,1;2;3;5;6;7;8;9;10;11;12;13;14;16;17,.,2;1;12,.
7605,1;2;3;4;5,.,2;1;3;5;6;7;8;9;10;11;12;13;16;17,.,1;3;4;6;8;12,.
637,5;4;3;2;1,.,1;2;3;5;6;10;11;12;13;14,.,1;7;13,.
5204,.,1;2;3;4;5,.,1;10,.,15
5110,.,1;2;3;5;4,.,1;2;3;4;5;6;10;11;12,.,1;2;6;13
7305,1;2;3;4;5,.,1;2;3;5;6;10;11;12;13;15;16,.,1;2;4;6;9;12;13,.
5314,.,1;2;3;4;5,.,1;2;3;4;5;10;11;12;13;14;15;16,.,15
5416,.,1;2;3;4;5,.,1;2;3;5;6;9;10;12;13;17,.,15
5175,.,1;2;3;4;5,.,1;3;2;4;6;10;11;12;17,.,12;13
7773,1;2;3;4;5,.,1;2;3;4;5;6;8;9;10;11;12;13;14;17,.,1;2;3;6,.
5321,.,1;2;3;4;5,.,3;4;6;10;12;14;15,.,15
5417,.,2;3;4;5,.,1;2;3;4;5;6;7;8;9;10;11;12;13;14;16;17;18,.,2;9;10;12;13
7012,5;4;3;2,.,1;2;3;5;10;6;12;13,.,3,.
7780,1;2;3;4;5,.,1;2;3;4;5;6;7;8;10;11;12;13;17,.,3;2;6,.
5326,.,1;2;3;4;5,.,2;3;6;10;11;12,.,3;2;1;8;12;13
7464,1;3;4;5,.,1;2;3;4;5;6;10;11;12;13;16;17,.,1;9;12,.
7169,1;2;3;4;5,.,1;2;3;6;10;12;13,.,15,.
5328,.,1;2;3;4;5,.,1;2;3;4;5;6;9;11;13,.,10
7794,5;4;3;2;1,.,1;2;3;4;5;6;7;8;9;10;11;12;13;14;16;17,.,1;3;2;8;9;13;12,.
7015,1;2;3;4;5,.,1;2;3;5;6;10;12;16;17,.,12;3,.
7626,1;2;3;4;5,.,1;2;3;4;5;6;8;10;11;12;14;17,.,1;3;12;13,.
7798,5;4;3;2;1,.,1;3;2;4;5;6;7;8;10;11;12;13;14;16;17,.,1;2;3;5;6;8;12;13,.
5160,.,1;2;3;5,.,1;2;4;5;6;7;10;12,.,1;6;12;13
5426,.,1;2;3;4;5,.,1;3;2;5;4;10;6;7;11;12;13;14;17,.,3;13
7175,1;2;3;4;5,.,1;2;3;5;6;7;8;9;10;11;12;13;14;16;17;18,.,1;2;3;8;9;12;13,.
5333,.,1;2;3;4;5,.,2;3;4;5;6;12;14;15,.,3;2;6;8;9;12;13
5159,.,5;4;2,.,1;2;3;6;7;10;12;14;17,.,14;13
7180,1;2;3;4;5,.,2;5;4;10,.,15,.
5014,.,1;2;3;4;5,.,1;2;3;5;6;8;9;10;11;12;13;14;17;16,.,1;9;13
7631,1;2;3;4;5,.,1;2;3;5;10;11;12;13,.,2;3;7;8;12;13,.
7838,5;4;3;2;1,.,1;2;6;10;11;12;13,.,2;8,.
7182,1;2;3;4;5,.,1;2;3;4;5;6;7;8;9;10;11;12;13;14;16;17,.,1;2;13,.
5494,.,1;2;3;4;5,.,1;2;3;4;5;6;7;8;9;10;11;12;13;14;16;17,.,1;3;9
7857,5;3;2;1;4,.,1;2;3;4;5;6;10;11;12;13;14;17,.,2;3;10;12;13,.
5348,.,1;2;3;4;5,.,1;2;3;6;10;11;12;13;14,.,3;8
5016,.,1;2;3;4;5,.,1;2;3;4;5;6;7;8;9;10;11;12;14;17,.,7;10;12;13
5351,.,1;3;4;2,.,1;2;3;4;5;6;7;10;9;11;12;13;16;17,.,15
5438,.,1;2;3;4;5,.,1;2;3;5;6;7;8;10;11;12;13;14;16,.,1;8
7617,1;2;3;4;5,.,2;1;3;5;6;7;8;10;11;12;13;14;17,.,2;3,.
5023,.,1;2;3;4;5,.,1;2;3;4;5;6;7;8;9;10;11;12;13;14;16;17,.,1;2;3;4;8;12;13
7827,1;2;3;4;5,.,5;1;2;3;10;12,.,1,.
7832,2;3;4;5,.,3;4;5;10;11;12;13;14,.,1;2;3,.
7867,1;2;3;4;5,.,1;2;5;10;12;17,.,3;13,.
7308,1;2;3;4;5,.,1;2;3;6;10;12;13;14,.,3,.
5027,.,1;2;3;4;5,.,1;3;6;10;11;12;13,.,3
5353,.,1;2;3;4;5,.,2;3;6;7;8;10;11;12,.,3;2
5462,.,1;2;3;4;5,.,1;2;3;6;7;10;11;12;13;14;15;17,.,3;12;10
5218,.,1;2;3;4;5,.,1;2;3;5;6;8;10;11;12;13;15;17,.,9;10
7642,1;2;3;4;5,.,1;2;3;6;8;10;12;14;17,.,1,.
7886,1;2;3;4;5,.,1;2;3;5;6;7;8;9;10;11;12;13;14;15;16;17,.,11,.
5224,.,1;2;3;4;5,.,1;2;3;4;5;6;10;11;12;13;17,.,3;12
7903,1;2;3;4;5,.,1;2;3;5;6;10;11;12;13,.,3;9,.
5225,.,1;2;3;4;5,.,3;4;6;10;12;14;15,.,2;3;6;7;13
7653,1;2;3;4;5,.,1;2;3;5;6;7;8;11;10;12;13;17,.,1;3;7,.
7919,1;2;3;4;5,.,1;2;4;5;6;7;10;11;12;17,.,1;2;3;12;13,.
5238,.,1;2;3;4;5,.,1;2;3;4;6;7;8;9;10;12;11;13;14;16;17,.,1;12
7659,1;2;3;4;5,.,2;1;3;5;6;10;11;12;13;14,.,6,.
7906,1;2;3;4;5,.,1;2;3;4;5;6;10;11;12;13;14;17,.,3;6;7;8;13,.
5251,.,1;2;3;4;5,.,1;2;3;4;6;7;9;10;11;12;13;14;16;18,.,1;3;4;8;9;10;13
7620,1;2;3;4;5,.,1;2;3;4;5;6;7;8;9;10;11;12;16,.,9;12,.
7648,1;2;3;4;5,.,1;2;3;4;5;6;8;10;11;12;13;14;15,.,3;8;12,.
5254,.,1;2;3;4;5,.,2;3;4;6;10;11;12,.,1;3;7
5257,.,1;2;3;4;5,.,1;2;3;4;5;6;8;9;10;11;12;13;14,.,6
5033,.,1;2;3;4;5,.,1;2;3;4;5;6;7;8;10;11;12;13;14,.,1
5036,.,1;2;3;4;5,.,2;3;6;10;11;12;15,.,1;3;9;8;14
7311,2;3;4;5,.,2;3;4;6;10;12;14,.,15,.
5277,.,1;2;4;5;3,.,1;2;3;4;5;6;10;11;12;17,.,15
7189,1;2;3;4;5,.,1;3;2;4;5;6;7;8;9;10;11;12;13;14;15;16;17;18,.,1;2;3;4;7;9;10;12;13,.
5051,.,1;2;3;4;5,.,1;2;3;4;6;7;9;10;12;14;17,.,8;14
7317,1;2;4;5,.,1;2;3;6;8;7;10;12;13;14,.,7,.
7190,1;2;3;4;5,.,1;2;3;4;5;6;10;11;12;13;15;16,.,2;3;10;12;13,.
7676,1;2;3;4;5,.,1;2;3;4;5;6;7;10;11;12;13;16;17,.,1;3;6;9;12,.
7197,1;2;3;4;5,.,1;2;3;4;6;10;11;12;13;14;15,.,15,.
5054,.,1;2;3;4;5,.,1;2;3;5;6;7;8;10;11;12;13;15;17,.,1
5253,.,1;2;3;4;5,.,1;2;3;4;6;7;8;10;11;12;17,.,2;3
5284,.,1;2;3;4;5,.,3;4;6;10;12;14,.,15
7786,1;2;3;4;5,.,1;2;3;5;6;7;8;9;10;12;13;14,.,15,.
8038,1;2;3;4;5,.,1;2;4;7;11;12;15,.,6;8;9,.
7320,1;2;3;4;5,.,1;3;6;7;2;5;10;11;12;13;16;18,.,3;12,.
7689,1;2;3;4;5,.,1;2;3;4;5;6;10;12;13,.,2,.
5059,.,1;2;3;4;5,.,1;2;3;4;5;6;7;8;9;10;11;12;13;14;16;17,.,1;2;3;4;8;9;10;12
7481,1;2;3;4;5,.,1;2;3;4;5;6;8;10;11;12;13;16;17,.,15,.
5243,.,1;2;3;4;5,.,1;2;3;5;6;10;11;12;13;17,.,3;8
512,1;2;3;4;5,.,1;2;3;4;5;6;7;9;10;11;12;13;14;16;17,.,1;2;9;12;13,.
7186,1;2;3;4;5,.,1;2;4;3;5;6;7;10;12,.,13,.
7696,1;2;3;4;5,.,1;2;3;4;6;10;11;12;13;17,.,12,.
5067,.,1;2;3;4;5,.,1;2;3;4;5;6;7;8;9;10;11;12;13;14;16;17;18,.,1;2;3;5;8;9
7962,1;2;3;4;5,.,1;2;3;4;5;6;7;10;12,.,3,.
5263,.,1;2;3;4;5,.,1;2;3;5;6;7;10;11;12;13;14,.,15
7192,1;2;3;4;5,.,2;3;6;7;10;12,.,15,.
5070,.,1;2;3;4;5,.,1;2;3;4;5;6;7;8;9;10;11;12;13;14;16;17;18,.,1;2;3;9
5071,.,2;3;4;5,.,1;2;3;4;5;6;8;9;10;11;12;13;16;17;18,.,1;3;8;9
7199,1;2;3;4;5,.,1;2;3;4;5;6;9;10;11;12,.,1;2;3;8,.
7984,1;2;3;4;5,.,1;2;3;4;6;10;11;12;17,.,1;3;7;8;9;12;13,.
7991,2;4;5;1,.,1;2;3;5;6;8;9;10;11;12;13;16;17,.,13,.
7996,1;2;3;4;5,.,2;1;3;5;4;6;10;11;12;13;17,.,1;3;6;12,.
8000,1;2;3;4;5,.,1;2;3;6;7;8;10;11;12;13,.,1;2;3,.
8013,1;2;3;4;5,.,1;2;3;6;8;10;11;12;13;16;17,.,7;9,.
8021,1;2;3;5;4,.,1;2;3;4;5;8;10;11;12;17,.,1;8;9;12;13,.
8022,1;2;3;4;5,.,1;2;3;5;6;10;11;12;13;17,.,15,.
7323,1;2;3;5;4,.,1;2;3;4;6;10;11;12;13;17,.,2;3;6;8,.
132,1;2;3;4;5,.,8;7;6;5;3;2;1;10;11;12;13;17;18,.,3,.
7325,1;2;3;4;5,.,1;3;2;4;5;6;10;11;12;13;14;16,.,15,.
5195,.,1;2;3;4;5,.,1;2;3;5;6;7;9;4;10;12;13;16;17,.,3;4;9
7910,1;2;3;4;5,.,2;3;4;6;10;11;12;13;14,.,6;7;9;12,.
7329,1;4;3;5,.,3;2;5;4;6;10;11;12;13;17,.,12,.
5269,.,1;2;3;4;5,.,1;2;3;4;5;6;7;9;10;11;12;13;14;16;17,.,1;7;8;9
7935,1;2;3;4;5,.,1;2;3;5;6;10;11;12;13;14,.,1;2;3;9;10;12;13,.
7330,1;3;2;4;5,.,1;3;2;5;4;6;8;10;12;13;17,.,15,.
156,2;3;4;5,.,1;2;3;4;6;7;8;9;10;11;12;13;15;14;17,.,9;3,.
7334,1;2;3;4;5,.,3;2;1;5;4;6;9;10;12;13;16;17,.,2;8,.
5621,.,1;2;3;5,.,10;1;2;3;11;12;4;6;16;17,.,3
5127,.,1;2;3;4;5,.,1;2;3;4;5;6;7;8;9;10;11;12;14;16;17,.,9;10;13
7327,4;5;1;2;3,.,1;2;3;5;6;7;8;10;12;13;14;17,.,7,.
5359,.,1;2;3;4;5,.,2;3;4;5;6;10;11;12;13;14;15;17,.,3;2;8;9;12;13;1
5693,.,1;2;3;4;5,.,1;2;3;5;6;12;17,.,2;6
7196,1;2;3;4;5,.,1;2;3;4;5;6;7;8;10;11;12,.,15,.
5521,.,1;2;4;3;5,.,1;2;3;4;6;7;8;10;11;12;14;17,.,1;6;12
5362,.,1;2;3;4;5,.,1;2;3;4;5;12;13,.,3
7488,3;2;1;4;5,.,3;4;5;1;2;6;8;10;12;11;13;14;16;17,.,7;1,.
5136,.,1;2;3;4;5,.,1;2;3;4;6;10;12,.,8;13
5476,.,1;2;3;4;5,.,2;10;11;12,.,3
5477,.,1;2;3;4;5,.,1;10,.,3;5
5407,.,2;3;5,.,1;2;3;4;5;6;10;11;12;13;14;15,.,1;2
5498,.,1;2;3;4;5,.,1;2;3;4;5;6;7;8;9;10;11;12;13;14;17,.,10
5480,.,1;2;3;4;5,.,1;2;3;4;6;10;12;11;13;14,.,3;12;13
5481,.,1;2;3;4;5,.,1;2;3;4;5;6;7;10;11;12,.,3
5406,.,1;2;3;4;5,.,1;2;3;5;6;7;8;9;10;11;12;13;14;17,.,14
5506,1;2;3;4;5,.,1;2;3;4;5;6;8;9;10;11;12;13;14;17,.,8;13,.
5203,.,1;2;3;4;5,.,1;2;3;4;5;6;10,.,12
7351,1;3;2;5;4,.,1;2;3;6;7;10;12;13;17,.,10;12,.
5482,.,1;2;3;4;5,.,1;2;3;4;5;6;10;11;12;13,.,1;3
5623,.,1;2;3;4;5,.,1;2;3;4;5;6;10;11;12;13;14;15,.,1;6;8;9;10;12;13
5076,.,1;2;3;4;5,.,1;2;3;4;5;6;7;8;9;10;11;12;13;16;17,.,1;2;9
5507,.,1;2;3;4;5,.,3;5;6;10;11;12,.,12
5079,.,1;2;3;4;5,.,1;2;3;5;10;11;12,.,15
7200,1;2;3;4;5,.,1;2;3;4;6;10,.,15,.
7869,1;2;3;4;5,.,1;2;3;4;5;6;7;8;10;11;12;13;14;17,.,15,.
7051,1;2;3;4;5,.,1;2;3;6;7;10;11;12;13;14;17,.,15,.
5125,.,1;2;3;4;5,.,1;3;5;6;10;11;12,.,2;3;7
5483,.,1;2;3;4;5,.,1;2;3;6;10;12;13;14,.,1;2;3;6;13
7204,1;2;3;4;5,.,1;2;3;4;5;6;7;8;10;11;12;13,.,6,.
5463,.,1;2;3;4;5,.,1;2;3;4;5;6;8;10;11;12;13;14,.,1
7908,1;2;3;4;5,.,1;2;3;5;4;6;8;10;11;12;13;14;15;16,.,2;3;6;8;10;12;13,.
5398,.,1;2;3;4;5,.,3;4;5;6;10;12;14,.,6;12
5221,.,1;2;3;4;5,.,1;2;3;4;6;7;8;10;11;12;17,.,3;10
5093,.,1;2;3;4;5,.,1;2;3;4;5;6;7;10;11;12;13;14;17,.,1;2;3;5
5629,.,1;2;3;4;5,.,3;4;5;6;10;11;12;14;15;17,.,2;9;12;13
5397,.,1;2;3;4;5,.,1;2;3;4;5;6;7;8;9;10;11;12;13;14;16;17,.,15
5515,.,1;2;3;4;5,.,1;2;3;4;6;9;10;11;12;13;17,.,1
7845,1;2;3;4;5,.,1;2;3;4;5;6;7;8;9;10;11;12;13;14;15;16,.,2;3;8;9;10,.
5466,.,1;2;4;5;3,.,3;6;10;12,.,1;3;13
7210,1;2;3;4;5,.,1;2;3;4;5;6;7;8;10;12;13;16,.,13,.
5099,.,1;2;3;4;5,.,1;2;3;4;5;6;7;8;10;11;12;17,.,3;10
5630,.,1;2;3;4;5,.,1;2;3;5;6;9;10;11;12;13;14;15;17,.,3;8;10
5519,.,1;2;3;4;5,.,1;2;4;5;6;10;11,.,9
5180,.,1;2;3;4;5,.,3;4;6;7;12,.,12
7363,1;2;3;4;5,.,3;1;2;4;5;6;8;9;10;11;12;13;14;17,.,1;3;6;7;8,.
5395,.,1;2;3;4;5,.,2;3;4;6;10;12;14,.,14
5467,.,2;3;4;5,.,2;3;6;10;11;12;14,.,12
7822,1;2;3;4;5,.,1;2;3;6;8;9;10;11;12;13;14;17;16,.,1;3;6;9;8;10;13,.
5523,.,1;2;3;4;5,.,1;2;3;4;5;6;8;9;10;11;12;13;16;17,.,8
7214,1;2;3;4;5,.,1;2;3;6;10,.,12,.
5384,.,1;2;3;4;5,.,2;3;4;5;6;8;10;11;12;13;17,.,14
7058,1;2;3;4;5,.,2;1;5;6;7;10;11;12;13;14;15,.,1;2;9;12,.
5022,.,1;2;3;4;5,.,1;2;3;4;5;6;7;8;10;9;11;12;13;14;16;17,.,8;12
5282,.,1;2;3;4;5,.,1;2;3;4;5;6;7;8;9;10;11;12;13;17,.,12
7719,3;4;5,.,1;2;3;4;5;6;9;10;11;13;12;14,.,1;4;5;8;12,.
5464,.,1;2;3;4;5,.,2;3;4;5;6;8;10;11;12;15,.,1;3;4;8;10;9;13
5633,.,1;2;3;4;5,.,6;10;11;12;14;16,.,1;8;12
5529,.,1;2;3;4;5,.,3;4;6;10;11;12,.,15
5469,.,2;3;4;5,.,1;2;3;4;5;6;10;9;11;12;13;14,.,3
5530,.,1;2;3;4;5,.,1;2;3;6;10;11;12;13;14,.,1
7062,1;2;3;4;5,.,1;2;3;5;4;6;7;8;10;11;12;13;14;16;17,.,3,.
5119,.,1;2;3;4;5,.,1;2;3;5;10;11;12;14;17;18,.,3;9;12;13
5031,.,1;2;3;4;5,.,1;2;3;5;6;7;8;9;10;11;12,.,3;8
5473,.,1;2;3;4;5,.,10;11;12;15,.,2;3;6;8;9
7223,1;2;3;4;5,.,1;2;3;4;5;6;7;10;12;13,.,15,.
5379,.,2;3;4;5,.,1;2;3;4;5;6;9;10;11;12;13,.,15
7995,1;2;3;4;5,.,1;3;5;6;7;8;9;10;11;12;14;17,.,2;3;7;13,.
5280,.,1;2;3;4;5,.,1;2;3;4;5;6;7;8;9;10;11;12;13;14;16;17;18,.,1;8;12;13
7725,1;2;3;4;5,.,2;3;4;5;6;10;12;17,.,2,.
5643,.,1;2;3;4;5,.,1;3;4;5;6;9;10;11;12;13;17,.,3
7791,1;2;3;4;5,.,1;2;3;4;5;6;8;7;10;11;12;13;14;16,.,15,.
5156,.,1;2;3;4;5,.,2;3;4;10,.,3
7064,1;2;4;5,.,1;2;3;6;10;12;14;15;17,.,1;3,.
7501,1;2;3;4;5,.,1;2;3;4;5;6;7;8;10;11;12;13,.,15,.
5152,.,1;2;3;4;5,.,1;3;2;4;10;12,.,14;5
7219,1;2;3;4;5,.,1;2;3;4;5;6;7;8;9;10;11;12;13;16;17,.,1;8;12;13,.
5145,.,1;2;3;4;5,.,1;2;3;4;5;6;7;10;11;12;13;14;16;17,.,15
5038,.,1;2;4;5,.,1;2;3;4;6;7;10;12,.,15
5046,.,1;2;3;4;5,.,1;2;3;5;6;10;13;14;15,.,1;2;3;8;9
5066,.,1;2;3;4;5,.,1;2;3;5;6;10;11;12;17,.,8
7596,1;2;3;4;5,.,1;3;5;6;8;10;11;12;13;14,.,1;13;7,.
5095,.,1;2;3;4;5,.,1;2;3;4;5;6;7;8;9;10;11;12;13;16;17,.,12
5013,.,1;2;3;4;5,.,2;6;10;12;14;15,.,9
7581,1;2;3;4;5,.,2;3;5;10;11;12,.,1,.
7579,1;2;3;4;5,.,1;2;3;5;6;9;10;11;12;13;17,.,1;4;8,.
5415,.,1;2;3;4;5,.,1;2;3;4;6;5;8;10;11;12;13;14,.,1;2;13
7379,1;3;2;5;4,.,1;3;2;5;6;8;10;11;12;13;14;16;17,.,15,.
5375,.,1;2;3;4;5,.,2;3;5;6;10;11;12;14;16;17,.,15
5429,.,1;2;3;4;5,.,1;2;3;4;6;10;11;12;14,.,2
7381,1;2;3;4;5,.,3;2;1;5;6;9;10;12;13;17,.,3,.
5365,.,1;2;3;4;5,.,3;5;6;7;10;11;12;13;14,.,6
5364,.,1;2;3;4;5,.,1;3;5;7;10;11;12;13;14,.,15
7387,1;2;3;4;5,.,1;2;3;4;12;15,.,15,.
5443,.,1;2;3;4;5,.,1;2;3;4;5;6;7;8;9;10;11;12;13;14,.,1;3;6;7;9;12;13
5154,.,1;2;3;4;5,.,1;2;3;10;12;14,.,3;13;12
5271,.,1;2;3;4;5,.,2;3;4;5;6;9;10;11;12,.,3;8;13
5300,.,1;2;3;4;5,.,1;2;3;4;5;6;8;10;11;12;13;14;17,.,1;2;5;12;13
7216,1;2;3;4;5,.,1;2;3;6;7;10;11;12;13;16;17,.,1;2;3;8,.
5608,.,1;5;4,.,1;2;3;4;6;10;11;12,.,8;12
5103,.,2;3;4;5,.,3;5;6;9;12;14,.,3;13
5068,.,1;2;3;4;5,.,1;2;3;4;5;6;10;12,.,1;2;3;14
5450,.,1;2;3;4;5,.,2;3;5;6;10;11;12,.,1;13
5072,.,1;2;3;4;5,.,1;2;3;5;6;10;11;12,.,1
151,2;3;4;5,.,1;2;5;6;10;11;13;14;17,.,1;2;3;10;13,.
5306,.,1;2;3;4;5,.,1;2;3;5;6;7;8;10;11;12;13;14;17,.,15
5648,.,1;2;3;4;5,.,1;2;3;4;6;9;10;11;14,.,15
7208,1;3;2;5;4,.,2;1;3;4;5;6;7;8;10,.,15,.
5107,.,1;2;3;4;5,.,1;2;3;4;5;6;10;12;11;17,.,12
5296,.,1;2;3;4;5,.,1;2;3;4;5;6;7;10;11;12;13;14,.,15
7390,2;1;3;5;4,.,1;3;2;5;6;7;8;10;11;12;13;16,.,3;13;9;1,.
5231,.,2;3;5;1;4,.,1;2;3;4;5;6;10;11;12,.,1;2;3;7;10
5653,.,1;2;3;4;5,.,2;3;5;6;9;10;11;12;13;15,.,6;8;12
7215,1;2;3;4;5,.,1;2;3;4;5;6;7;8;9;10;11;12;13;17,.,1;2;3;4;8;9;13,.
5312,.,1;2;3;4;5,.,2;3;4;6;10;11;12,.,14
7392,1;3;2;4;5,.,1;3;2;4;6;5;7;8;9;11;10;12;13;14,.,3;8;10;12;13,.
5478,.,1;2;3;4;5,.,1;3;5;6;10;11;12;13,.,1;2;3;6
5114,.,1;2;3;4;5,.,1;2;3;6;12,.,14
7826,1;2;3;4;5,.,1;2;3;4;6;7;8;9;10;11;12;13;17;18,.,1;2;3;4;5;8;10;13;12,.
5437,.,1;2;3;4;5,.,1;2;3;4;5;6;8;9;7;10;11;12;13;14;16,.,1;3
7376,3;1;2;4;5,.,1;3;2;5;4;6;7;8;9;10;11;12;13;16;17,.,8;1;9;12;13,.
5317,.,2;3;4;5,.,3;6;10;11;12,.,6;10;12
5436,.,1;2;3;4;5,.,1;2;3;5;6;7;10;12,.,15
7850,1;2;3;4;5,.,2;1;4;5;6;7;10;11;12;13;16,.,1;3;2;9,.
5664,.,1;2;3;4;5,.,6;10;11;12;13;15,.,1;2;8
7417,1;3;2;4;5,.,1;3;2;4;6;8;7;10;12;17,.,2,.
7871,1;2;3;4;5,.,1;2;3;4;5;9;10;11;12;13,.,4;5;8;10;11;12,.
5667,.,1;2;3;4;5,.,1;2;3;4;5;6;10;11;12;17,.,1;3;12;13
7603,1;2;3;4;5,.,1;2;3;5;6;8;10;11;12;13;14,.,14,.
7609,1;2;3;5;4,.,1;2;3;5;6;7;8;10;11;12;13;14;16;17;18,.,15,.
7879,1;2;3;4;5,.,1;2;3;4;5;6;7;8;10;11;12;13;14;16;17,.,1;3;9;12;13,.
5672,.,1;2;3;4;5,.,1;2;3;5;6;7;8;9;10;11;12;13;14;16;17,.,1;6
7623,1;2;3;4;5,.,2;1;3;5;6;10;11;12;13;14;15;16;18;17,.,1;3,.
5566,.,1;2;3;4;5,.,1;2;3;4;5;6;7;8;9;10;11;12;13;16;17,.,15
5270,.,1;3;2;4;5,.,1;2;3;5;6;10;12;13;14;17,.,13
5556,.,1;2;3;4;5,.,1;2;3;4;5;6;7;9;10;11;12;16;17;18,.,1;2;3;8;12
7890,1;2;3;4;5,.,1;2;3;5;6;7;8;10;11;12;13;16;17,.,1;3;8;11;12;13,.
5568,.,1;2;3;4;5,.,1;2;3;4;5;6;7;8;9;10;11;12;13;14;15;16;17,.,1;2;3;9;10;8
7654,1;2;3;4;5,.,1;2;3;4;5;6;9;11;10;12;13,.,1;2;3;8;13,.
7086,1;2;3;4;5,.,1;2;3;4;5;6;7;8;10;11;12;13;14;17,.,15,.
7410,1;2;3;4;5,.,1;2;4;5;6;11;10;12;13;14;17,.,13,.
5267,.,1;2;3;4;5,.,1;2;3;5;6;8;9;10;11;12;13;17,.,1;6;9
5453,.,1;2;3;4;5,.,1;2;3;5;6;8;10;9;12;13;14,.,6;8;13
5674,.,1;2;3;4;5,.,2;6;10;11;12,.,3;2;13
5571,.,1;2;3;4;5,.,1;2;3;4;5;6;7;8;9;10;11;12;13;14;16;17;18,.,3;9;12
7087,1;2;4;5,.,1;2;3;4;5;6;7;8;9;10;11;12;13;14;16;17,.,1;3;4;5;8;9;10;12,.
5660,.,1;2;3;4;5,.,1;2;3;5;6;10;12;13,.,3;13
5244,.,1;2;3;4;5,.,1;2;3;4;5;6;8;10;11;12;13;16;17,.,1;2;3;8;9;12;13
5573,.,1;2;3;4;5,.,1;2;3;5;6;8;10;11;12;14,.,1;3;12;13
7090,1;2;3;4;5,.,1;2;3;5;6;7;8;10;11;12;13;14;17,.,3,.
7526,2;1;3;4;5,.,1;2;3;5;10;11;12;13;14;17,.,15,.
5676,.,1;2;3;4;5,.,2;3;5;6;10;11;12;14;17,.,1;2;3;7;8
5550,.,1;2;3;4;5,.,1;2;3;5;6;7;10;11;12;13;14;17,.,8;9;10;11;12;13
5575,.,1;3;4;5,.,4;6;7;10;11;12,.,1
5680,.,1;2;3;4;5,.,1;2;3;5;6;8;9;10;11;12;13;14;16;17,.,1;2;3;8;9;13
7093,1;2;3;4;5,.,1;2;3;5;6;10;11;12;17,.,13;3,.
5577,.,1;2;3;4;5,.,1;2;3;4;5;6;10;12;17,.,1;3
5681,.,1;2;3;4;5,.,2;3;4;5;6;10;11;12;14,.,1;3;8;9;12;13
5578,.,1;2;3;4;5,.,1;3;5;8;10;11;12,.,2;3
5682,.,1;2;3;4;5,.,3;5;6;10;11;12;13,.,9
5137,.,1;2;3;4;5,.,3;5;6;7;10;14;15,.,12;13
5684,.,1;2;3;4;5,.,5;6;10;11;12;13,.,15
7095,1;2;3;4;5,.,1;2;3;5;6;7;8;10;11;12;13;14;15;17,.,3,.
7793,1;2;3;4;5,.,1;2;3;4;6;8;10;11;12;13,.,3,.
5316,.,1;2;3;4;5,.,4;6;10;11;12;13;16,.,15
5679,.,1;2;3;4;5,.,1;3;6;10;11;12,.,2;12;13
5320,.,3;5;2,.,1;2;3;4;6;8;10;11;12;13;14;15;16;17,.,1;12
5164,.,1;2;3;4;5,.,1;2;3;5;4;6;7;8;10;11;12;14,.,3
5322,.,1;2;3;4;5,.,1;2;3;4;5;6;7;8;10;11;13,.,3
7096,1;2;3;4;5,.,1;2;3;5;6;7;8;9;10;11;12;13;14;17,.,13,.
5546,.,1;2;3;4;5,.,1;2;3;4;5;6;10;11;12;13;14,.,15
214,2;3;4;5,.,1;2;3;4;5;6;7;8;9;10;11;12;13;14;16;17,.,15,.
7226,2;3;4;5,.,1;2;5;6;8;10;9;12;17,.,15,.
7507,1;2;3;4;5,.,1;2;3;4;5;6;8;10;12;13;14;16,.,1;12;13,.
5123,.,1;2;3;4;5,.,1;3;4;7;9;5;2;6;8;11;10;12;13;16;17;18,.,15
5289,.,1;2;3;4;5,.,1;2;3;5;6;8;10;12;14;16,.,7;13
7395,1;2;3;4;5,.,2;3;4;6;10;12;13,.,15,.
5649,.,1;2;3;4;5,.,2;3;4;6;10;11;12;14;17,.,1;2;3;7;8
7227,1;2;3;4;5,.,6;7;8;5;2;1;3;4;10;11;12;13;14;16;17,.,15,.
5651,.,1;2;3;4;5,.,1;2;3;5;6;8;10;11;12;14,.,3;13
5425,.,1;2;3;4;5,.,1;2;3;4;5;6;7;8;9;10;11;12;13;15;16,.,1
7233,1;2;3;4;5,.,3;2;1;6;10;11;12,.,15,.
109,1;2;3;4;5,.,1;2;3;4;5;8;9;10;11;12;13;14;15;16;17,.,15,.
5449,.,1;2;3;4;5,.,1;2;3;6;10;11;12;13;14;15;16,.,11
7237,1;2;3;4;5,.,8;9;10;6;7;4;3;1;2;5;13;14;12,.,1;12,.
7396,1;2;3;4;5,.,3;2;1;4;8;10;12;13,.,15,.
5635,.,1;2;3;4;5,.,1;2;3;4;5;6;10;11;12;13;14;17,.,1;6;12;13
113,1;2;3;4;5,.,1;2;3;4;5;6;10;11;12;13;14,.,1;12,.
120,1;2;3;4;5,.,2;3;6;12;13,.,15,.
7238,1;2;4;3;5,.,1;2;3;4;5;6;7;8;10;11;12;13;16;17,.,12;13,.
5272,.,1;2;3;4;5,.,1;2;3;6;12;16;17,.,1;2;3;8;9;10;12;13
108,1;2;3;4;5,.,2;3;6;8;10;11;12,.,14,.
112,1;2;3;4;5,.,1;2;3;4;6;9;10,.,12,.
5474,.,1;2;3;5;4,.,1;2;3;4;5;6;8;10;11;12;13;14;17,.,3
124,1;2;3;4;5,.,1;2;3;5;6;7;8;10;11;12;13;17,.,1;13,.
104,1;2;3;4;5,.,1;2;3;4;5;6;7;8;9;10;11;12;13;14;15;16;17,.,1;9;10,.
5475,.,1;2;3;4;5,.,1;2;3;5;4;6;8;9;10;11;12;13;14;16;17,.,13;12;10
7942,2;3;4;5,.,1;2;3;4;5;6;7;8;10;11;12;13;17,.,1;12;13,.
